1-AEO2011,,"Case","Region","Row","Quantity","Units (unless otherwise specified)",2008,2009,2010,2011,2012,2013,2014,2015,2016,2017,2018,2019,2020,2021,2022,2023,2024,2025,2026,2027,2028,2029,2030,2031,2032,2033,2034,2035
"Table 1","Total Energy Supply, Disposition, and Price Summary","Reference case","United States",1,"Total Energy Supply, Disposition, and Price Summary, Reference case",
,,"Reference case","United States",2,"(quadrillion Btu, unless otherwise noted)",
,,"Reference case","United States",3,"Production",
,,"Reference case","United States",4,"   Crude Oil and Lease Condensate","quadrillion Btu",10.51,11.34,11.87,11.76,11.58,12.02,12.40,12.51,12.82,13.07,13.12,13.17,13.07,13.05,13.09,12.97,12.78,12.64,12.50,12.44,12.53,12.48,12.49,12.63,12.91,13.01,13.04,12.80
,,"Reference case","United States",5,"   Natural Gas Plant Liquids","quadrillion Btu",2.41,2.57,2.64,2.63,2.76,2.81,2.83,2.86,2.86,2.89,2.94,2.99,3.06,3.15,3.28,3.43,3.52,3.55,3.57,3.61,3.65,3.67,3.71,3.75,3.78,3.82,3.86,3.92
,,"Reference case","United States",6,"   Dry Natural Gas","quadrillion Btu",20.83,21.50,21.83,21.61,21.83,22.30,22.59,23.01,23.06,23.24,23.51,23.80,24.04,24.15,24.32,24.47,24.48,24.60,24.70,24.92,25.21,25.47,25.75,26.02,26.22,26.42,26.67,27.00
,,"Reference case","United States",7,"   Coal","quadrillion Btu",23.85,21.58,22.59,21.75,21.39,21.13,20.80,20.94,21.15,21.30,21.42,21.61,22.05,22.21,22.55,22.95,23.50,23.64,23.95,24.05,24.40,24.53,24.77,24.96,25.21,25.45,25.72,26.01
,,"Reference case","United States",8,"   Nuclear Power","quadrillion Btu",8.43,8.35,8.39,8.40,8.50,8.64,8.70,8.77,8.79,8.90,9.01,9.12,9.17,9.17,9.17,9.17,9.17,9.17,9.17,9.17,9.17,9.17,9.17,9.17,9.16,9.16,9.15,9.14
,,"Reference case","United States",9,"   Hydropower","quadrillion Btu",2.53,2.69,2.40,2.58,2.66,2.74,2.84,2.92,2.99,2.99,2.99,3.00,3.00,3.01,3.01,3.01,3.01,3.04,3.04,3.05,3.06,3.06,3.07,3.07,3.08,3.08,3.09,3.09
,,"Reference case","United States",10,"   Biomass","quadrillion Btu",3.94,3.52,3.83,4.23,4.32,4.53,4.56,4.70,4.84,4.99,5.19,5.43,5.77,5.94,6.17,6.48,6.90,7.20,7.45,7.65,7.80,8.03,8.15,8.39,8.47,8.54,8.61,8.63
,,"Reference case","United States",11,"   Other Renewable Energy","quadrillion Btu",1.12,1.29,1.54,1.72,2.05,2.08,2.09,2.14,2.14,2.16,2.19,2.24,2.30,2.33,2.36,2.40,2.49,2.58,2.68,2.74,2.82,2.92,2.97,3.02,3.08,3.11,3.16,3.22
,,"Reference case","United States",12,"   Other","quadrillion Btu",0.19,0.34,0.55,0.93,0.65,0.68,0.70,0.78,0.86,0.94,0.96,0.96,0.96,0.97,0.97,0.96,0.94,0.88,0.82,0.78,0.78,0.78,0.81,0.80,0.79,0.79,0.78,0.78
,,"Reference case","United States",13,"       Total","quadrillion Btu",73.80,73.18,75.64,75.60,75.74,76.92,77.51,78.63,79.51,80.49,81.33,82.31,83.42,83.97,84.92,85.85,86.78,87.29,87.88,88.41,89.41,90.11,90.88,91.80,92.71,93.39,94.09,94.59
,,"Reference case","United States",14,"Imports",
,,"Reference case","United States",15,"   Crude Oil","quadrillion Btu",21.39,19.70,20.19,20.16,19.79,19.71,19.37,19.25,18.97,18.68,18.54,18.44,18.46,18.57,18.31,18.25,18.26,18.35,18.44,18.41,18.32,18.28,18.30,18.19,18.02,17.99,18.07,18.44
,,"Reference case","United States",16,"   Liquid Fuels","quadrillion Btu",6.32,5.40,4.53,4.72,5.21,5.35,5.34,5.33,5.38,5.36,5.36,5.35,5.34,5.24,5.24,5.19,5.16,5.18,5.20,5.21,5.20,5.20,5.26,5.28,5.30,5.34,5.34,5.33
,,"Reference case","United States",17,"   Natural Gas","quadrillion Btu",4.08,3.82,3.89,3.92,3.92,4.01,4.04,4.01,4.04,4.06,4.04,3.96,3.80,3.61,3.45,3.34,3.27,3.20,3.15,3.12,3.05,3.06,3.07,3.07,3.06,3.02,2.95,2.87
,,"Reference case","United States",18,"   Other Imports","quadrillion Btu",0.96,0.61,0.55,0.68,0.82,0.86,0.86,0.82,0.81,0.80,0.90,0.94,0.98,1.27,1.29,1.34,1.30,1.39,1.38,1.51,1.38,1.39,1.30,1.33,1.36,1.31,1.29,1.27
,,"Reference case","United States",19,"       Total","quadrillion Btu",32.76,29.53,29.16,29.48,29.74,29.93,29.61,29.41,29.20,28.90,28.84,28.69,28.57,28.69,28.30,28.12,27.98,28.13,28.18,28.26,27.95,27.94,27.93,27.88,27.73,27.67,27.65,27.92
,,"Reference case","United States",20,"Exports",
,,"Reference case","United States",21,"   Petroleum","quadrillion Btu",3.78,4.17,4.25,4.24,3.27,3.25,3.23,3.27,3.34,3.40,3.45,3.52,3.54,3.57,3.55,3.57,3.59,3.62,3.64,3.65,3.68,3.70,3.75,3.79,3.84,3.87,3.89,3.92
,,"Reference case","United States",22,"   Natural Gas","quadrillion Btu",1.01,1.09,1.06,1.08,1.19,1.21,1.25,1.24,1.32,1.43,1.53,1.65,1.82,1.94,2.01,2.05,2.05,2.07,2.11,2.16,2.19,2.24,2.24,2.30,2.36,2.45,2.53,2.64
,,"Reference case","United States",23,"   Coal","quadrillion Btu",2.07,1.51,1.93,1.88,1.86,1.87,1.78,1.76,1.71,1.75,1.81,1.86,1.92,1.85,1.86,1.87,1.88,1.89,1.89,1.89,1.89,1.89,1.86,1.87,1.87,1.82,1.78,1.78
,,"Reference case","United States",24,"       Total","quadrillion Btu",6.86,6.77,7.23,7.19,6.33,6.32,6.26,6.27,6.37,6.58,6.79,7.04,7.28,7.36,7.42,7.49,7.52,7.58,7.64,7.70,7.76,7.82,7.85,7.96,8.07,8.14,8.20,8.34
,,"Reference case","United States",25,"Discrepancy","quadrillion Btu",-0.44,1.16,-0.20,-0.40,-0.30,-0.25,-0.24,-0.24,-0.25,-0.26,-0.22,-0.21,-0.21,-0.18,-0.17,-0.14,-0.12,-0.12,-0.12,-0.11,-0.11,-0.09,-0.07,-0.06,-0.05,-0.03,-0.03,-0.02
,,"Reference case","United States",26,"Consumption",
,,"Reference case","United States",27,"   Liquid Fuels","quadrillion Btu",38.46,36.62,36.96,37.41,38.23,38.81,38.92,39.10,39.25,39.32,39.31,39.31,39.38,39.51,39.59,39.67,39.73,39.84,39.94,40.04,40.18,40.31,40.55,40.81,41.02,41.25,41.47,41.70
,,"Reference case","United States",28,"   Natural Gas","quadrillion Btu",23.85,23.31,24.45,24.49,24.54,25.08,25.37,25.77,25.76,25.86,26.01,26.10,26.00,25.80,25.75,25.75,25.68,25.73,25.73,25.88,26.07,26.29,26.58,26.79,26.92,27.00,27.09,27.24
,,"Reference case","United States",29,"   Coal","quadrillion Btu",22.38,19.69,21.05,20.41,20.19,19.96,19.71,19.73,19.97,20.07,20.22,20.41,20.85,21.32,21.61,21.98,22.44,22.61,22.88,23.04,23.20,23.28,23.39,23.53,23.72,23.89,24.10,24.30
,,"Reference case","United States",30,"   Nuclear Power","quadrillion Btu",8.43,8.35,8.39,8.40,8.50,8.64,8.70,8.77,8.79,8.90,9.01,9.12,9.17,9.17,9.17,9.17,9.17,9.17,9.17,9.17,9.17,9.17,9.17,9.17,9.16,9.16,9.15,9.14
,,"Reference case","United States",31,"   Hydropower","quadrillion Btu",2.53,2.69,2.40,2.58,2.66,2.74,2.84,2.92,2.99,2.99,2.99,3.00,3.00,3.01,3.01,3.01,3.01,3.04,3.04,3.05,3.06,3.06,3.07,3.07,3.08,3.08,3.09,3.09
,,"Reference case","United States",32,"   Biomass","quadrillion Btu",3.07,2.52,2.66,2.98,2.98,3.15,3.15,3.27,3.37,3.45,3.58,3.71,3.93,4.05,4.18,4.35,4.55,4.71,4.83,4.89,4.94,5.02,5.05,5.15,5.19,5.21,5.25,5.25
,,"Reference case","United States",33,"   Other Renewable Energy","quadrillion Btu",1.12,1.29,1.54,1.72,2.05,2.08,2.09,2.14,2.14,2.16,2.19,2.24,2.30,2.33,2.36,2.40,2.49,2.58,2.68,2.74,2.82,2.92,2.97,3.02,3.08,3.11,3.16,3.22
,,"Reference case","United States",34,"   Other","quadrillion Btu",0.31,0.32,0.32,0.30,0.31,0.31,0.31,0.31,0.31,0.31,0.30,0.30,0.29,0.30,0.30,0.29,0.28,0.27,0.27,0.27,0.27,0.26,0.24,0.25,0.26,0.25,0.25,0.25
,,"Reference case","United States",35,"     Total","quadrillion Btu",100.14,94.79,97.77,98.29,99.46,100.77,101.10,102.02,102.59,103.08,103.61,104.17,104.92,105.49,105.97,106.62,107.37,107.95,108.53,109.07,109.71,110.31,111.03,111.78,112.42,112.95,113.56,114.19
,,"Reference case","United States",36,"Prices (2009 dollars per unit)",
,,"Reference case","United States",37," Low Sulfur Light Price ($ per barrel)","$ per barrel",100.51,61.66,78.03,83.21,85.73,88.03,91.38,94.58,97.62,100.50,103.15,105.71,108.10,110.30,112.36,114.21,115.96,117.54,118.99,120.25,121.34,122.30,123.09,123.71,124.20,124.53,124.68,124.94
,,"Reference case","United States",38," Imported Crude Oil Price ($ per barrel)","$ per barrel",93.44,59.04,74.86,80.32,80.65,82.87,85.07,86.83,88.96,91.56,94.04,96.42,98.65,100.74,102.49,104.25,105.88,107.40,108.80,109.98,110.93,111.74,112.38,112.80,113.02,113.26,113.43,113.70
,,"Reference case","United States",39," Gas Price at Henry Hub ($ / mmBtu)","$ / mmBtu",8.94,3.95,4.43,4.48,4.50,4.56,4.57,4.66,4.74,4.76,4.81,4.87,5.05,5.24,5.39,5.58,5.80,5.97,6.10,6.24,6.31,6.35,6.40,6.49,6.62,6.74,6.87,7.07
,,"Reference case","United States",40," Gas Wellhead Price ($ / mmBtu)","$ / mmBtu",7.96,3.62,3.98,3.99,3.98,4.04,4.05,4.13,4.20,4.22,4.26,4.31,4.47,4.64,4.77,4.94,5.13,5.29,5.40,5.52,5.59,5.62,5.66,5.75,5.86,5.96,6.09,6.26
,,"Reference case","United States",41," Gas Wellhead Price ($ / Mcf)","$ / Mcf",8.18,3.71,4.08,4.09,4.09,4.15,4.16,4.24,4.31,4.33,4.37,4.43,4.59,4.76,4.90,5.07,5.27,5.43,5.54,5.67,5.73,5.77,5.81,5.90,6.01,6.12,6.24,6.42
,,"Reference case","United States",42," Coal Minemouth Price ($ / ton)","$ / ton",31.54,33.26,36.64,35.37,33.72,33.31,32.71,32.36,32.36,32.55,32.42,32.44,32.85,32.60,32.70,32.77,33.13,33.22,33.50,33.32,33.10,33.17,33.25,33.39,33.66,33.73,33.81,33.92
,,"Reference case","United States",43," Coal Delivered Price ($ / million Btu)","$ / million Btu",2.18,2.31,2.40,2.37,2.31,2.28,2.25,2.26,2.28,2.29,2.29,2.29,2.30,2.31,2.33,2.34,2.35,2.36,2.37,2.38,2.39,2.41,2.42,2.43,2.45,2.45,2.47,2.47
,,"Reference case","United States",44," Electricity (cents per kilowatthour)","cents per kilowatthour",9.8,9.8,9.6,9.0,9.0,8.9,8.9,8.9,8.8,8.8,8.8,8.8,8.8,8.8,8.8,8.9,8.9,8.9,8.9,9.0,9.0,9.0,9.0,9.0,9.0,9.1,9.1,9.2
,,"Reference case","United States",45,"Prices (nominal dollars per unit)",
,,"Reference case","United States",46," Low Sulfur Light Price ($ per barrel)","$ per barrel",99.57,61.66,78.71,85.05,88.61,92.52,97.79,103.24,108.69,114.20,119.68,125.15,130.60,135.82,140.88,145.74,150.68,155.46,160.21,164.96,169.57,174.16,178.45,182.68,186.95,191.10,195.08,199.37
,,"Reference case","United States",47," Imported Crude Oil Price ($ per barrel)","$ per barrel",92.57,59.04,75.52,82.10,83.37,87.10,91.03,94.78,99.05,104.05,109.12,114.16,119.18,124.05,128.51,133.04,137.59,142.05,146.49,150.86,155.02,159.12,162.92,166.57,170.12,173.80,177.48,181.43
,,"Reference case","United States",48," Gas Price at Henry Hub ($ / mmBtu)","$ / mmBtu",8.86,3.95,4.47,4.58,4.65,4.79,4.89,5.09,5.27,5.41,5.58,5.77,6.10,6.45,6.76,7.12,7.53,7.90,8.21,8.56,8.82,9.04,9.28,9.59,9.96,10.34,10.76,11.28
,,"Reference case","United States",49," Gas Wellhead Price ($ / mmBtu)","$ / mmBtu",7.89,3.62,4.01,4.08,4.12,4.25,4.33,4.51,4.67,4.79,4.94,5.11,5.40,5.71,5.99,6.30,6.67,6.99,7.27,7.58,7.81,8.00,8.21,8.49,8.82,9.15,9.52,9.99
,,"Reference case","United States",50," Gas Wellhead Price ($ / Mcf)","$ / Mcf",8.10,3.71,4.12,4.19,4.23,4.36,4.45,4.63,4.79,4.92,5.07,5.24,5.55,5.86,6.14,6.46,6.84,7.18,7.46,7.77,8.01,8.21,8.43,8.71,9.05,9.39,9.77,10.24
,,"Reference case","United States",51," Coal Minemouth Price ($ / ton)","$ / ton",31.25,33.26,36.96,36.15,34.86,35.01,35.00,35.32,36.03,36.99,37.61,38.41,39.69,40.14,41.01,41.82,43.06,43.93,45.11,45.70,46.26,47.24,48.21,49.31,50.67,51.76,52.91,54.13
,,"Reference case","United States",52," Coal Delivered Price ($ / million Btu)","$ / million Btu",2.16,2.31,2.42,2.42,2.39,2.40,2.41,2.47,2.54,2.60,2.65,2.71,2.78,2.85,2.92,2.98,3.06,3.12,3.19,3.26,3.34,3.43,3.50,3.59,3.68,3.76,3.86,3.95
,,"Reference case","United States",53," Electricity (cents per kilowatthour)","cents per kilowatthour",9.7,9.8,9.7,9.2,9.3,9.4,9.5,9.7,9.8,10.0,10.2,10.4,10.7,10.9,11.1,11.3,11.5,11.8,12.0,12.3,12.5,12.8,13.0,13.3,13.6,13.9,14.3,14.7
"Table 1","Total Energy Supply, Disposition, and Price Summary","High economic growth","United States",1,"Total Energy Supply, Disposition, and Price Summary, High economic growth",
,,"High economic growth","United States",2,"(quadrillion Btu, unless otherwise noted)",
,,"High economic growth","United States",3,"Production",
,,"High economic growth","United States",4,"   Crude Oil and Lease Condensate","quadrillion Btu",10.51,11.34,11.87,11.76,11.58,12.04,12.42,12.55,12.85,13.10,13.13,13.15,13.07,13.06,13.11,12.94,12.72,12.62,12.59,12.69,12.91,13.09,13.18,13.30,13.33,13.43,13.23,12.87
,,"High economic growth","United States",5,"   Natural Gas Plant Liquids","quadrillion Btu",2.41,2.57,2.64,2.63,2.78,2.84,2.85,2.89,2.91,2.93,2.99,3.05,3.12,3.23,3.36,3.52,3.65,3.70,3.74,3.80,3.87,3.92,3.97,4.03,4.09,4.15,4.13,4.11
,,"High economic growth","United States",6,"   Dry Natural Gas","quadrillion Btu",20.83,21.50,21.93,21.70,21.95,22.59,22.82,23.30,23.46,23.65,23.99,24.36,24.59,24.79,25.08,25.25,25.36,25.54,25.83,26.23,26.74,27.16,27.50,27.91,28.38,28.85,29.52,30.16
,,"High economic growth","United States",7,"   Coal","quadrillion Btu",23.85,21.58,22.43,21.58,21.52,21.21,21.06,21.35,21.69,22.01,22.27,22.50,23.31,23.62,23.86,24.35,24.73,25.07,25.12,25.39,25.70,25.92,26.26,26.45,26.63,26.76,26.84,27.02
,,"High economic growth","United States",8,"   Nuclear Power","quadrillion Btu",8.43,8.35,8.39,8.40,8.50,8.64,8.70,8.77,8.79,8.90,9.01,9.12,9.17,9.17,9.17,9.17,9.17,9.17,9.17,9.17,9.17,9.17,9.17,9.17,9.16,9.16,9.15,9.14
,,"High economic growth","United States",9,"   Hydropower","quadrillion Btu",2.53,2.69,2.40,2.58,2.66,2.74,2.85,2.93,3.00,3.01,3.01,3.01,3.02,3.02,3.03,3.04,3.05,3.06,3.07,3.07,3.08,3.09,3.09,3.09,3.10,3.10,3.10,3.10
,,"High economic growth","United States",10,"   Biomass","quadrillion Btu",3.94,3.52,3.83,4.23,4.37,4.60,4.63,4.79,5.00,5.11,5.33,5.56,5.91,6.09,6.26,6.61,7.05,7.40,7.66,7.91,8.10,8.31,8.49,8.76,8.96,9.16,9.36,9.58
,,"High economic growth","United States",11,"   Other Renewable Energy","quadrillion Btu",1.12,1.29,1.54,1.72,2.14,2.17,2.18,2.18,2.18,2.23,2.29,2.36,2.41,2.47,2.53,2.59,2.63,2.74,2.83,2.92,3.03,3.08,3.14,3.19,3.25,3.32,3.41,3.46
,,"High economic growth","United States",12,"   Other","quadrillion Btu",0.19,0.34,0.55,0.93,0.64,0.68,0.70,0.75,0.89,0.96,0.99,0.99,0.99,1.00,1.00,0.98,0.92,0.88,0.81,0.78,0.78,0.78,0.79,0.81,0.85,0.86,0.87,0.88
,,"High economic growth","United States",13,"       Total","quadrillion Btu",73.80,73.18,75.59,75.53,76.15,77.49,78.22,79.51,80.77,81.90,83.02,84.10,85.60,86.44,87.38,88.45,89.29,90.17,90.83,91.98,93.39,94.53,95.59,96.70,97.75,98.79,99.61,100.33
,,"High economic growth","United States",14,"Imports",
,,"High economic growth","United States",15,"   Crude Oil","quadrillion Btu",21.39,19.70,20.19,20.15,20.10,20.12,19.87,19.84,19.68,19.54,19.48,19.36,19.36,19.49,19.38,19.39,19.53,19.70,19.81,19.77,19.66,19.60,19.67,19.54,19.61,19.71,19.98,20.43
,,"High economic growth","United States",16,"   Liquid Fuels","quadrillion Btu",6.32,5.40,4.53,4.72,5.29,5.45,5.50,5.52,5.55,5.56,5.58,5.66,5.67,5.63,5.64,5.69,5.63,5.65,5.69,5.72,5.77,5.81,5.91,6.08,6.12,6.08,6.16,6.22
,,"High economic growth","United States",17,"   Natural Gas","quadrillion Btu",4.08,3.82,3.90,3.94,3.94,4.07,4.11,4.09,4.08,4.11,4.11,4.05,3.91,3.71,3.57,3.45,3.38,3.33,3.29,3.26,3.18,3.17,3.19,3.20,3.16,3.09,2.89,2.79
,,"High economic growth","United States",18,"   Other Imports","quadrillion Btu",0.96,0.61,0.56,0.68,0.82,0.87,0.86,0.83,0.81,0.81,0.86,1.06,1.02,1.30,1.35,1.33,1.47,1.40,1.56,1.53,1.41,1.41,1.36,1.37,1.33,1.31,1.28,1.25
,,"High economic growth","United States",19,"       Total","quadrillion Btu",32.76,29.53,29.18,29.50,30.15,30.52,30.34,30.28,30.13,30.01,30.02,30.12,29.96,30.13,29.95,29.86,30.01,30.09,30.35,30.28,30.02,30.00,30.13,30.18,30.22,30.20,30.31,30.69
,,"High economic growth","United States",20,"Exports",
,,"High economic growth","United States",21,"   Petroleum","quadrillion Btu",3.78,4.17,4.25,4.24,3.29,3.29,3.26,3.29,3.41,3.45,3.50,3.55,3.58,3.62,3.62,3.64,3.66,3.70,3.74,3.76,3.80,3.86,3.89,3.92,3.97,3.99,4.02,4.05
,,"High economic growth","United States",22,"   Natural Gas","quadrillion Btu",1.01,1.09,1.06,1.08,1.19,1.21,1.25,1.23,1.32,1.42,1.52,1.64,1.80,1.92,1.98,2.02,2.02,2.03,2.06,2.11,2.13,2.17,2.17,2.22,2.28,2.36,2.44,2.55
,,"High economic growth","United States",23,"   Coal","quadrillion Btu",2.07,1.51,1.93,1.86,1.86,1.87,1.78,1.76,1.71,1.74,1.81,1.86,1.92,1.85,1.86,1.87,1.88,1.89,1.89,1.89,1.89,1.89,1.89,1.88,1.88,1.84,1.76,1.77
,,"High economic growth","United States",24,"       Total","quadrillion Btu",6.86,6.77,7.24,7.18,6.34,6.36,6.29,6.28,6.43,6.60,6.83,7.05,7.30,7.39,7.46,7.53,7.56,7.62,7.70,7.76,7.83,7.93,7.95,8.03,8.13,8.20,8.22,8.37
,,"High economic growth","United States",25,"Discrepancy","quadrillion Btu",-0.44,1.16,-0.20,-0.40,-0.30,-0.27,-0.27,-0.29,-0.28,-0.27,-0.26,-0.25,-0.22,-0.23,-0.20,-0.18,-0.18,-0.18,-0.17,-0.19,-0.17,-0.16,-0.13,-0.12,-0.11,-0.05,-0.02,0.01
,,"High economic growth","United States",26,"Consumption",
,,"High economic growth","United States",27,"   Liquid Fuels","quadrillion Btu",38.46,36.62,36.96,37.41,38.63,39.38,39.63,39.94,40.25,40.48,40.58,40.74,40.89,41.14,41.33,41.53,41.71,41.96,42.21,42.54,42.90,43.24,43.67,44.09,44.48,44.84,45.13,45.43
,,"High economic growth","United States",28,"   Natural Gas","quadrillion Btu",23.85,23.31,24.57,24.61,24.68,25.44,25.67,26.14,26.21,26.32,26.56,26.75,26.68,26.57,26.65,26.67,26.72,26.84,27.05,27.38,27.78,28.16,28.52,28.89,29.26,29.58,29.97,30.41
,,"High economic growth","United States",29,"   Coal","quadrillion Btu",22.38,19.69,20.89,20.25,20.31,20.04,19.97,20.16,20.51,20.78,21.03,21.35,22.00,22.60,22.83,23.25,23.70,23.91,24.05,24.22,24.34,24.50,24.72,24.84,24.91,24.99,25.05,25.12
,,"High economic growth","United States",30,"   Nuclear Power","quadrillion Btu",8.43,8.35,8.39,8.40,8.50,8.64,8.70,8.77,8.79,8.90,9.01,9.12,9.17,9.17,9.17,9.17,9.17,9.17,9.17,9.17,9.17,9.17,9.17,9.17,9.16,9.16,9.15,9.14
,,"High economic growth","United States",31,"   Hydropower","quadrillion Btu",2.53,2.69,2.40,2.58,2.66,2.74,2.85,2.93,3.00,3.01,3.01,3.01,3.02,3.02,3.03,3.04,3.05,3.06,3.07,3.07,3.08,3.09,3.09,3.09,3.10,3.10,3.10,3.10
,,"High economic growth","United States",32,"   Biomass","quadrillion Btu",3.07,2.52,2.67,2.99,3.03,3.21,3.22,3.35,3.49,3.55,3.68,3.80,4.02,4.14,4.24,4.42,4.66,4.86,4.99,5.09,5.17,5.24,5.32,5.44,5.51,5.58,5.65,5.73
,,"High economic growth","United States",33,"   Other Renewable Energy","quadrillion Btu",1.12,1.29,1.54,1.72,2.14,2.17,2.18,2.18,2.18,2.23,2.29,2.36,2.41,2.47,2.53,2.59,2.63,2.74,2.83,2.92,3.03,3.08,3.14,3.19,3.25,3.32,3.41,3.46
,,"High economic growth","United States",34,"   Other","quadrillion Btu",0.31,0.32,0.32,0.30,0.31,0.31,0.31,0.31,0.32,0.31,0.30,0.30,0.29,0.30,0.30,0.29,0.29,0.28,0.28,0.28,0.28,0.27,0.26,0.27,0.26,0.26,0.25,0.25
,,"High economic growth","United States",35,"     Total","quadrillion Btu",100.14,94.79,97.73,98.25,100.26,101.93,102.53,103.79,104.76,105.58,106.47,107.43,108.48,109.42,110.07,110.97,111.92,112.82,113.66,114.68,115.75,116.76,117.90,118.97,119.94,120.84,121.72,122.64
,,"High economic growth","United States",36,"Prices (2009 dollars per unit)",
,,"High economic growth","United States",37," Low Sulfur Light Price ($ per barrel)","$ per barrel",100.51,61.66,78.03,83.21,86.03,88.45,92.03,95.66,98.66,101.72,104.59,107.34,109.85,112.10,114.41,116.51,118.15,120.09,121.58,122.54,123.63,124.59,125.43,126.30,127.23,127.72,128.19,128.52
,,"High economic growth","United States",38," Imported Crude Oil Price ($ per barrel)","$ per barrel",93.44,59.04,74.86,80.32,81.05,83.42,85.81,88.20,90.35,93.22,95.99,98.58,101.00,103.17,105.21,107.18,108.78,110.70,112.09,112.91,113.82,114.65,115.40,116.14,117.03,117.45,117.91,118.34
,,"High economic growth","United States",39," Gas Price at Henry Hub ($ / mmBtu)","$ / mmBtu",8.94,3.95,4.43,4.48,4.57,4.70,4.72,4.84,4.95,5.01,5.07,5.15,5.35,5.57,5.81,6.00,6.29,6.50,6.68,6.82,6.92,6.99,7.10,7.28,7.45,7.60,7.54,7.50
,,"High economic growth","United States",40," Gas Wellhead Price ($ / mmBtu)","$ / mmBtu",7.96,3.62,4.01,4.04,4.05,4.16,4.18,4.29,4.39,4.43,4.49,4.56,4.74,4.93,5.14,5.31,5.57,5.76,5.91,6.03,6.12,6.19,6.29,6.45,6.59,6.72,6.68,6.64
,,"High economic growth","United States",41," Gas Wellhead Price ($ / Mcf)","$ / Mcf",8.18,3.71,4.11,4.14,4.16,4.27,4.29,4.40,4.50,4.55,4.61,4.68,4.86,5.06,5.28,5.45,5.71,5.91,6.07,6.19,6.28,6.35,6.45,6.62,6.77,6.90,6.85,6.81
,,"High economic growth","United States",42," Coal Minemouth Price ($ / ton)","$ / ton",31.54,33.26,36.27,35.23,33.86,33.38,32.81,32.87,32.71,32.86,33.07,33.06,33.09,33.04,33.21,33.53,33.94,34.20,34.18,34.24,34.03,33.91,34.18,34.56,34.85,34.73,34.45,34.82
,,"High economic growth","United States",43," Coal Delivered Price ($ / million Btu)","$ / million Btu",2.18,2.31,2.39,2.37,2.32,2.30,2.27,2.30,2.31,2.32,2.34,2.34,2.34,2.36,2.37,2.39,2.41,2.42,2.44,2.44,2.45,2.47,2.48,2.49,2.50,2.50,2.51,2.52
,,"High economic growth","United States",44," Electricity (cents per kilowatthour)","cents per kilowatthour",9.8,9.8,9.6,9.1,9.1,9.0,9.0,9.0,9.0,9.0,9.0,9.0,9.1,9.1,9.1,9.2,9.2,9.3,9.3,9.4,9.4,9.4,9.5,9.5,9.6,9.6,9.6,9.6
,,"High economic growth","United States",45,"Prices (nominal dollars per unit)",
,,"High economic growth","United States",46," Low Sulfur Light Price ($ per barrel)","$ per barrel",99.57,61.66,78.71,85.05,88.37,91.82,96.68,101.79,106.42,111.32,115.90,120.26,124.63,128.66,132.92,137.19,140.88,144.96,148.50,151.56,154.93,158.11,161.12,164.37,167.86,170.89,174.75,178.52
,,"High economic growth","United States",47," Imported Crude Oil Price ($ per barrel)","$ per barrel",92.57,59.04,75.52,82.10,83.26,86.59,90.14,93.85,97.45,102.02,106.37,110.45,114.59,118.41,122.24,126.20,129.71,133.62,136.91,139.65,142.64,145.49,148.25,151.14,154.42,157.15,160.75,164.38
,,"High economic growth","United States",48," Gas Price at Henry Hub ($ / mmBtu)","$ / mmBtu",8.86,3.95,4.47,4.58,4.70,4.88,4.96,5.15,5.34,5.48,5.62,5.77,6.07,6.39,6.75,7.07,7.50,7.85,8.16,8.43,8.67,8.87,9.12,9.48,9.83,10.16,10.28,10.41
,,"High economic growth","United States",49," Gas Wellhead Price ($ / mmBtu)","$ / mmBtu",7.89,3.62,4.05,4.13,4.16,4.32,4.40,4.56,4.73,4.85,4.98,5.11,5.38,5.66,5.98,6.26,6.64,6.95,7.22,7.46,7.67,7.85,8.07,8.39,8.70,9.00,9.10,9.22
,,"High economic growth","United States",50," Gas Wellhead Price ($ / Mcf)","$ / Mcf",8.10,3.71,4.15,4.24,4.27,4.43,4.51,4.68,4.85,4.98,5.11,5.25,5.52,5.81,6.13,6.42,6.81,7.13,7.41,7.66,7.87,8.06,8.28,8.61,8.93,9.23,9.34,9.46
,,"High economic growth","United States",51," Coal Minemouth Price ($ / ton)","$ / ton",31.25,33.26,36.59,36.01,34.78,34.65,34.47,34.98,35.28,35.96,36.64,37.04,37.55,37.93,38.59,39.48,40.47,41.29,41.75,42.35,42.64,43.03,43.91,44.97,45.98,46.47,46.96,48.37
,,"High economic growth","United States",52," Coal Delivered Price ($ / million Btu)","$ / million Btu",2.16,2.31,2.41,2.42,2.38,2.38,2.39,2.44,2.49,2.54,2.59,2.62,2.66,2.71,2.76,2.81,2.87,2.93,2.98,3.02,3.08,3.14,3.19,3.24,3.30,3.35,3.42,3.50
,,"High economic growth","United States",53," Electricity (cents per kilowatthour)","cents per kilowatthour",9.7,9.8,9.7,9.3,9.3,9.4,9.5,9.6,9.7,9.8,10.0,10.1,10.3,10.4,10.6,10.8,11.0,11.2,11.4,11.6,11.8,12.0,12.2,12.4,12.7,12.9,13.1,13.3
"Table 1","Total Energy Supply, Disposition, and Price Summary","Low economic growth","United States",1,"Total Energy Supply, Disposition, and Price Summary, Low economic growth",
,,"Low economic growth","United States",2,"(quadrillion Btu, unless otherwise noted)",
,,"Low economic growth","United States",3,"Production",
,,"Low economic growth","United States",4,"   Crude Oil and Lease Condensate","quadrillion Btu",10.51,11.34,11.87,11.76,11.59,12.03,12.40,12.53,12.82,13.07,13.10,13.12,13.05,13.03,13.04,12.90,12.67,12.44,12.25,12.17,12.11,12.19,12.31,12.29,12.07,12.15,12.16,12.13
,,"Low economic growth","United States",5,"   Natural Gas Plant Liquids","quadrillion Btu",2.41,2.57,2.64,2.63,2.73,2.77,2.77,2.79,2.80,2.83,2.87,2.92,2.98,3.06,3.18,3.33,3.36,3.39,3.40,3.42,3.44,3.46,3.48,3.49,3.50,3.52,3.55,3.59
,,"Low economic growth","United States",6,"   Dry Natural Gas","quadrillion Btu",20.83,21.50,21.81,21.60,21.61,22.05,22.22,22.50,22.55,22.69,22.98,23.18,23.36,23.40,23.52,23.60,23.54,23.58,23.59,23.68,23.79,23.97,24.19,24.36,24.43,24.47,24.67,24.92
,,"Low economic growth","United States",7,"   Coal","quadrillion Btu",23.85,21.58,22.62,21.71,21.44,21.04,20.72,20.87,20.92,21.03,21.06,21.13,21.44,21.59,21.82,22.09,22.39,22.73,23.07,23.08,23.28,23.44,23.69,23.80,24.10,24.17,24.21,24.57
,,"Low economic growth","United States",8,"   Nuclear Power","quadrillion Btu",8.43,8.35,8.39,8.40,8.50,8.64,8.70,8.77,8.79,8.75,8.85,8.96,9.02,9.02,9.02,9.02,9.02,9.02,9.02,9.02,9.02,9.02,9.01,9.01,9.01,9.00,9.00,8.99
,,"Low economic growth","United States",9,"   Hydropower","quadrillion Btu",2.53,2.69,2.40,2.58,2.66,2.74,2.84,2.92,2.99,2.99,2.99,2.99,3.00,3.00,3.00,3.00,3.00,3.00,3.00,3.00,3.01,3.01,3.01,3.01,3.02,3.02,3.03,3.03
,,"Low economic growth","United States",10,"   Biomass","quadrillion Btu",3.94,3.54,3.83,4.23,4.33,4.54,4.54,4.67,4.77,4.87,5.07,5.29,5.64,5.79,6.04,6.37,6.70,6.99,7.20,7.45,7.61,7.69,7.78,8.02,8.25,8.24,8.27,8.28
,,"Low economic growth","United States",11,"   Other Renewable Energy","quadrillion Btu",1.12,1.29,1.54,1.72,1.97,1.99,2.00,2.03,2.05,2.08,2.10,2.13,2.16,2.21,2.23,2.26,2.30,2.36,2.42,2.45,2.50,2.56,2.60,2.65,2.68,2.71,2.74,2.79
,,"Low economic growth","United States",12,"   Other","quadrillion Btu",0.19,0.34,0.56,0.93,0.65,0.68,0.70,0.79,0.83,0.93,0.95,0.95,0.95,0.95,0.94,0.92,0.86,0.81,0.77,0.74,0.74,0.73,0.75,0.78,0.78,0.78,0.78,0.77
,,"Low economic growth","United States",13,"       Total","quadrillion Btu",73.80,73.20,75.65,75.55,75.49,76.49,76.90,77.87,78.55,79.23,79.98,80.67,81.59,82.05,82.80,83.48,83.83,84.32,84.70,85.00,85.50,86.06,86.83,87.42,87.84,88.07,88.40,89.07
,,"Low economic growth","United States",14,"Imports",
,,"Low economic growth","United States",15,"   Crude Oil","quadrillion Btu",21.39,19.70,20.19,20.16,19.63,19.37,19.01,18.75,18.41,18.02,17.84,17.64,17.54,17.52,17.21,17.13,17.19,17.24,17.28,17.18,17.01,16.81,16.68,16.55,16.68,16.67,16.75,16.92
,,"Low economic growth","United States",16,"   Liquid Fuels","quadrillion Btu",6.32,5.40,4.53,4.72,5.18,5.28,5.20,5.21,5.22,5.20,5.18,5.13,5.07,4.95,4.97,4.90,4.88,4.87,4.85,4.82,4.81,4.82,4.82,4.80,4.75,4.77,4.76,4.78
,,"Low economic growth","United States",17,"   Natural Gas","quadrillion Btu",4.08,3.82,3.89,3.93,3.90,3.98,3.99,3.97,3.98,4.02,4.01,3.95,3.77,3.57,3.40,3.29,3.19,3.10,3.04,2.99,2.95,2.96,2.95,2.95,2.95,2.92,2.86,2.79
,,"Low economic growth","United States",18,"   Other Imports","quadrillion Btu",0.96,0.61,0.55,0.68,0.82,0.86,0.85,0.82,0.81,0.80,0.73,0.77,0.79,0.97,0.99,1.01,1.11,1.04,1.05,1.27,1.35,1.20,1.07,1.15,1.15,1.19,1.18,1.14
,,"Low economic growth","United States",19,"       Total","quadrillion Btu",32.76,29.53,29.16,29.49,29.53,29.49,29.05,28.75,28.42,28.04,27.75,27.49,27.17,27.01,26.57,26.32,26.38,26.25,26.22,26.27,26.13,25.78,25.53,25.45,25.53,25.55,25.54,25.63
,,"Low economic growth","United States",20,"Exports",
,,"Low economic growth","United States",21,"   Petroleum","quadrillion Btu",3.78,4.17,4.25,4.24,3.26,3.20,3.20,3.26,3.29,3.35,3.41,3.45,3.47,3.49,3.48,3.50,3.52,3.55,3.56,3.57,3.58,3.61,3.63,3.65,3.69,3.72,3.76,3.79
,,"Low economic growth","United States",22,"   Natural Gas","quadrillion Btu",1.01,1.09,1.06,1.08,1.19,1.21,1.26,1.25,1.34,1.45,1.56,1.68,1.85,1.97,2.05,2.09,2.10,2.12,2.16,2.21,2.25,2.30,2.31,2.37,2.44,2.54,2.63,2.74
,,"Low economic growth","United States",23,"   Coal","quadrillion Btu",2.07,1.51,1.93,1.87,1.86,1.87,1.78,1.76,1.71,1.77,1.81,1.86,1.91,1.85,1.86,1.87,1.88,1.89,1.85,1.88,1.88,1.86,1.88,1.88,1.90,1.85,1.75,1.79
,,"Low economic growth","United States",24,"       Total","quadrillion Btu",6.86,6.77,7.23,7.18,6.32,6.28,6.24,6.26,6.34,6.56,6.77,7.00,7.23,7.31,7.39,7.46,7.50,7.56,7.58,7.66,7.71,7.77,7.83,7.90,8.03,8.11,8.14,8.32
,,"Low economic growth","United States",25,"Discrepancy","quadrillion Btu",-0.44,1.15,-0.19,-0.40,-0.30,-0.25,-0.23,-0.23,-0.21,-0.21,-0.19,-0.18,-0.18,-0.19,-0.17,-0.13,-0.15,-0.13,-0.14,-0.13,-0.08,-0.07,-0.03,-0.02,0.00,0.01,0.02,0.03
,,"Low economic growth","United States",26,"Consumption",
,,"Low economic growth","United States",27,"   Liquid Fuels","quadrillion Btu",38.46,36.62,36.96,37.41,38.04,38.43,38.38,38.46,38.48,38.41,38.30,38.17,38.11,38.08,38.05,38.00,37.94,37.91,37.89,37.84,37.76,37.74,37.85,37.92,37.97,38.07,38.16,38.41
,,"Low economic growth","United States",28,"   Natural Gas","quadrillion Btu",23.85,23.32,24.44,24.49,24.30,24.79,24.93,25.21,25.17,25.24,25.41,25.43,25.27,24.98,24.86,24.78,24.62,24.55,24.45,24.45,24.49,24.62,24.83,24.94,24.93,24.85,24.90,24.97
,,"Low economic growth","United States",29,"   Coal","quadrillion Btu",22.38,19.69,21.07,20.37,20.23,19.87,19.63,19.65,19.73,19.77,19.69,19.75,20.03,20.42,20.64,20.91,21.29,21.47,21.80,21.95,22.16,22.14,22.19,22.30,22.51,22.62,22.72,22.92
,,"Low economic growth","United States",30,"   Nuclear Power","quadrillion Btu",8.43,8.35,8.39,8.40,8.50,8.64,8.70,8.77,8.79,8.75,8.85,8.96,9.02,9.02,9.02,9.02,9.02,9.02,9.02,9.02,9.02,9.02,9.01,9.01,9.01,9.00,9.00,8.99
,,"Low economic growth","United States",31,"   Hydropower","quadrillion Btu",2.53,2.69,2.40,2.58,2.66,2.74,2.84,2.92,2.99,2.99,2.99,2.99,3.00,3.00,3.00,3.00,3.00,3.00,3.00,3.00,3.01,3.01,3.01,3.01,3.02,3.02,3.03,3.03
,,"Low economic growth","United States",32,"   Biomass","quadrillion Btu",3.07,2.54,2.67,2.99,2.99,3.17,3.15,3.24,3.30,3.37,3.49,3.61,3.84,3.94,4.07,4.24,4.42,4.57,4.66,4.77,4.80,4.81,4.81,4.89,4.98,4.98,4.99,5.00
,,"Low economic growth","United States",33,"   Other Renewable Energy","quadrillion Btu",1.12,1.29,1.54,1.72,1.97,1.99,2.00,2.03,2.05,2.08,2.10,2.13,2.16,2.21,2.23,2.26,2.30,2.36,2.42,2.45,2.50,2.56,2.60,2.65,2.68,2.71,2.74,2.79
,,"Low economic growth","United States",34,"   Other","quadrillion Btu",0.31,0.32,0.32,0.30,0.31,0.31,0.31,0.31,0.31,0.31,0.30,0.30,0.29,0.30,0.30,0.29,0.28,0.27,0.26,0.27,0.26,0.26,0.24,0.24,0.24,0.24,0.24,0.24
,,"Low economic growth","United States",35,"     Total","quadrillion Btu",100.14,94.81,97.78,98.25,99.00,99.94,99.95,100.59,100.84,100.92,101.15,101.35,101.71,101.94,102.15,102.48,102.86,103.15,103.49,103.74,104.00,104.14,104.56,104.98,105.34,105.49,105.78,106.35
,,"Low economic growth","United States",36,"Prices (2009 dollars per unit)",
,,"Low economic growth","United States",37," Low Sulfur Light Price ($ per barrel)","$ per barrel",100.51,61.66,78.03,83.21,85.40,87.45,90.67,93.59,96.67,99.29,101.64,104.32,106.53,108.46,110.35,112.10,113.79,115.30,116.75,117.54,118.38,119.20,119.97,120.68,121.52,122.02,122.18,122.17
,,"Low economic growth","United States",38," Imported Crude Oil Price ($ per barrel)","$ per barrel",93.44,59.04,74.86,80.32,80.29,82.19,84.29,86.00,87.70,89.93,92.04,94.46,96.50,98.35,99.95,101.54,103.16,104.56,105.90,106.48,107.00,107.47,108.22,108.89,109.68,110.12,110.22,110.20
,,"Low economic growth","United States",39," Gas Price at Henry Hub ($ / mmBtu)","$ / mmBtu",8.94,3.95,4.43,4.48,4.48,4.51,4.48,4.52,4.57,4.57,4.60,4.65,4.80,4.94,5.08,5.25,5.44,5.59,5.69,5.79,5.87,5.86,5.85,5.89,5.99,6.08,6.17,6.29
,,"Low economic growth","United States",40," Gas Wellhead Price ($ / mmBtu)","$ / mmBtu",7.96,3.62,3.98,4.01,3.97,4.00,3.97,4.00,4.04,4.05,4.08,4.12,4.25,4.38,4.50,4.65,4.82,4.95,5.04,5.13,5.20,5.19,5.18,5.21,5.31,5.39,5.46,5.57
,,"Low economic growth","United States",41," Gas Wellhead Price ($ / Mcf)","$ / Mcf",8.18,3.71,4.09,4.11,4.07,4.10,4.07,4.11,4.15,4.15,4.18,4.22,4.36,4.49,4.62,4.77,4.94,5.07,5.17,5.26,5.33,5.33,5.32,5.35,5.44,5.53,5.61,5.71
,,"Low economic growth","United States",42," Coal Minemouth Price ($ / ton)","$ / ton",31.54,33.26,36.59,35.29,33.67,33.31,32.73,32.25,32.13,32.30,32.55,32.39,32.58,32.56,32.58,32.65,32.84,32.95,33.02,33.19,33.23,33.23,33.11,33.06,33.51,33.38,33.30,33.12
,,"Low economic growth","United States",43," Coal Delivered Price ($ / million Btu)","$ / million Btu",2.18,2.31,2.40,2.37,2.31,2.28,2.24,2.25,2.25,2.26,2.25,2.25,2.26,2.27,2.28,2.30,2.32,2.32,2.33,2.34,2.35,2.36,2.35,2.36,2.38,2.38,2.38,2.39
,,"Low economic growth","United States",44," Electricity (cents per kilowatthour)","cents per kilowatthour",9.8,9.8,9.6,9.0,9.0,8.9,8.8,8.8,8.7,8.7,8.7,8.7,8.7,8.7,8.6,8.6,8.6,8.6,8.7,8.6,8.6,8.6,8.6,8.6,8.6,8.7,8.7,8.7
,,"Low economic growth","United States",45,"Prices (nominal dollars per unit)",
,,"Low economic growth","United States",46," Low Sulfur Light Price ($ per barrel)","$ per barrel",99.57,61.66,78.71,85.05,88.45,92.49,98.22,104.03,110.37,116.37,122.29,129.04,135.63,141.79,147.91,153.76,159.55,165.41,171.38,176.65,182.28,187.89,193.36,198.95,205.14,210.80,215.98,220.15
,,"Low economic growth","United States",47," Imported Crude Oil Price ($ per barrel)","$ per barrel",92.57,59.04,75.52,82.10,83.15,86.93,91.30,95.59,100.12,105.41,110.75,116.85,122.87,128.57,133.97,139.28,144.64,149.99,155.46,160.03,164.76,169.39,174.43,179.52,185.15,190.24,194.85,198.58
,,"Low economic growth","United States",48," Gas Price at Henry Hub ($ / mmBtu)","$ / mmBtu",8.86,3.95,4.47,4.58,4.64,4.77,4.85,5.02,5.21,5.35,5.54,5.75,6.11,6.46,6.81,7.20,7.63,8.01,8.35,8.70,9.04,9.24,9.44,9.71,10.12,10.51,10.91,11.33
,,"Low economic growth","United States",49," Gas Wellhead Price ($ / mmBtu)","$ / mmBtu",7.89,3.62,4.02,4.10,4.11,4.23,4.30,4.45,4.62,4.74,4.91,5.09,5.41,5.72,6.03,6.38,6.76,7.10,7.40,7.70,8.00,8.18,8.36,8.60,8.96,9.31,9.66,10.03
,,"Low economic growth","United States",50," Gas Wellhead Price ($ / Mcf)","$ / Mcf",8.10,3.71,4.12,4.20,4.22,4.34,4.41,4.56,4.74,4.87,5.03,5.23,5.55,5.87,6.19,6.54,6.93,7.28,7.59,7.90,8.21,8.40,8.57,8.82,9.19,9.55,9.91,10.30
,,"Low economic growth","United States",51," Coal Minemouth Price ($ / ton)","$ / ton",31.25,33.26,36.91,36.07,34.87,35.23,35.45,35.85,36.68,37.86,39.17,40.07,41.48,42.56,43.68,44.78,46.05,47.27,48.47,49.87,51.16,52.37,53.37,54.50,56.57,57.66,58.86,59.67
,,"Low economic growth","United States",52," Coal Delivered Price ($ / million Btu)","$ / million Btu",2.16,2.31,2.42,2.42,2.39,2.41,2.43,2.50,2.57,2.65,2.71,2.78,2.88,2.97,3.06,3.15,3.25,3.33,3.42,3.51,3.62,3.72,3.80,3.90,4.01,4.11,4.20,4.30
,,"Low economic growth","United States",53," Electricity (cents per kilowatthour)","cents per kilowatthour",9.7,9.8,9.7,9.2,9.3,9.4,9.6,9.8,10.0,10.2,10.5,10.7,11.1,11.3,11.6,11.8,12.1,12.4,12.7,13.0,13.3,13.6,13.8,14.2,14.6,14.9,15.3,15.7
"Table 1","Total Energy Supply, Disposition, and Price Summary","High oil price","United States",1,"Total Energy Supply, Disposition, and Price Summary, High oil price",
,,"High oil price","United States",2,"(quadrillion Btu, unless otherwise noted)",
,,"High oil price","United States",3,"Production",
,,"High oil price","United States",4,"   Crude Oil and Lease Condensate","quadrillion Btu",10.51,11.34,11.87,11.78,11.65,12.13,12.53,12.76,13.22,13.60,13.66,13.84,14.12,14.37,14.59,14.68,14.97,15.18,15.18,15.05,15.02,14.88,14.75,14.78,14.95,14.87,15.19,15.31
,,"High oil price","United States",5,"   Natural Gas Plant Liquids","quadrillion Btu",2.41,2.57,2.64,2.79,2.80,2.83,2.85,2.90,2.90,2.94,3.00,3.09,3.19,3.31,3.46,3.58,3.60,3.62,3.63,3.66,3.67,3.69,3.71,3.74,3.79,3.82,3.82,3.86
,,"High oil price","United States",6,"   Dry Natural Gas","quadrillion Btu",20.83,21.50,21.90,21.80,21.95,22.38,22.70,23.23,23.28,23.60,23.94,24.30,24.53,24.72,24.87,24.97,25.06,25.20,25.36,25.72,25.91,26.02,26.18,26.29,26.62,26.92,27.24,27.63
,,"High oil price","United States",7,"   Coal","quadrillion Btu",23.85,21.58,22.48,21.86,21.26,20.90,20.70,20.83,21.27,21.42,21.59,21.88,22.46,22.92,23.53,24.17,24.74,24.98,25.30,25.89,26.62,27.25,27.91,28.69,29.04,29.32,29.83,30.33
,,"High oil price","United States",8,"   Nuclear Power","quadrillion Btu",8.43,8.35,8.39,8.40,8.50,8.64,8.70,8.77,8.79,8.90,9.01,9.12,9.17,9.17,9.17,9.17,9.17,9.17,9.17,9.17,9.17,9.17,9.17,9.17,9.16,9.16,9.15,9.14
,,"High oil price","United States",9,"   Hydropower","quadrillion Btu",2.53,2.69,2.40,2.58,2.66,2.74,2.84,2.92,2.99,2.99,2.99,2.99,3.00,3.00,3.01,3.01,3.02,3.03,3.05,3.05,3.06,3.07,3.08,3.08,3.09,3.09,3.09,3.09
,,"High oil price","United States",10,"   Biomass","quadrillion Btu",3.94,3.54,3.83,4.30,4.34,4.60,4.68,4.95,5.22,5.46,5.65,5.90,6.29,6.65,7.11,7.59,8.08,8.55,8.95,9.33,9.58,9.89,10.21,10.57,10.90,11.38,11.65,11.88
,,"High oil price","United States",11,"   Other Renewable Energy","quadrillion Btu",1.12,1.29,1.54,1.72,2.08,2.10,2.11,2.14,2.17,2.19,2.22,2.27,2.32,2.36,2.37,2.43,2.50,2.61,2.68,2.76,2.85,2.92,2.97,3.03,3.09,3.13,3.18,3.22
,,"High oil price","United States",12,"   Other","quadrillion Btu",0.18,0.33,0.54,0.90,0.91,0.91,0.92,0.92,1.01,1.03,1.07,1.06,1.08,1.02,0.92,0.91,0.91,0.90,0.91,0.91,0.92,0.94,0.96,0.98,0.99,1.00,1.01,1.02
,,"High oil price","United States",13,"       Total","quadrillion Btu",73.80,73.19,75.59,76.13,76.15,77.24,78.03,79.43,80.85,82.14,83.13,84.45,86.16,87.51,89.04,90.51,92.04,93.24,94.23,95.53,96.80,97.83,98.95,100.33,101.62,102.68,104.16,105.48
,,"High oil price","United States",14,"Imports",
,,"High oil price","United States",15,"   Crude Oil","quadrillion Btu",21.39,19.70,20.19,18.59,18.79,18.46,18.01,17.61,17.13,16.54,16.27,15.83,15.31,14.80,14.27,13.89,13.38,12.86,12.54,12.22,12.00,11.96,11.69,11.42,11.05,10.77,10.31,10.15
,,"High oil price","United States",16,"   Liquid Fuels","quadrillion Btu",6.32,5.40,4.47,5.05,5.04,5.12,5.08,5.01,4.94,4.94,4.86,4.81,4.83,4.81,4.75,4.62,4.57,4.56,4.53,4.48,4.47,4.45,4.55,4.54,4.48,4.46,4.47,4.42
,,"High oil price","United States",17,"   Natural Gas","quadrillion Btu",4.08,3.82,3.90,3.94,3.89,3.98,4.02,3.98,3.92,3.89,3.82,3.69,3.51,3.28,3.10,2.94,2.83,2.77,2.74,2.72,2.72,2.71,2.69,2.67,2.63,2.60,2.54,2.46
,,"High oil price","United States",18,"   Other Imports","quadrillion Btu",0.96,0.61,0.56,0.68,0.82,0.86,0.86,0.82,0.81,0.80,0.91,0.99,1.07,1.24,1.26,1.27,1.30,1.39,1.51,1.48,1.34,1.38,1.36,1.32,1.39,1.54,1.45,1.38
,,"High oil price","United States",19,"       Total","quadrillion Btu",32.76,29.53,29.12,28.26,28.54,28.42,27.96,27.42,26.81,26.17,25.86,25.31,24.71,24.13,23.38,22.73,22.09,21.58,21.31,20.91,20.53,20.49,20.29,19.96,19.55,19.37,18.76,18.41
,,"High oil price","United States",20,"Exports",
,,"High oil price","United States",21,"   Petroleum","quadrillion Btu",3.78,4.17,4.25,3.34,3.34,3.34,3.36,3.38,3.41,3.42,3.43,3.45,3.51,3.54,3.56,3.56,3.62,3.64,3.64,3.63,3.66,3.80,3.83,3.86,3.90,3.88,3.91,3.93
,,"High oil price","United States",22,"   Natural Gas","quadrillion Btu",1.01,1.09,1.06,1.08,1.19,1.21,1.25,1.24,1.33,1.43,1.53,1.65,1.81,1.94,2.00,2.04,2.04,2.06,2.10,2.14,2.18,2.22,2.23,2.28,2.34,2.43,2.51,2.62
,,"High oil price","United States",23,"   Coal","quadrillion Btu",2.07,1.51,1.93,1.86,1.86,1.87,1.78,1.76,1.71,1.75,1.81,1.86,1.92,1.85,1.86,1.87,1.86,1.86,1.86,1.86,1.86,1.86,1.86,1.87,1.89,1.91,1.91,1.92
,,"High oil price","United States",24,"       Total","quadrillion Btu",6.86,6.77,7.24,6.28,6.40,6.41,6.40,6.37,6.44,6.60,6.77,6.96,7.24,7.32,7.42,7.47,7.52,7.57,7.60,7.63,7.70,7.88,7.91,8.02,8.13,8.23,8.33,8.47
,,"High oil price","United States",25,"Discrepancy","quadrillion Btu",-0.44,1.15,-0.27,-0.17,-0.23,-0.19,-0.20,-0.18,-0.13,-0.12,-0.11,-0.12,-0.12,-0.10,-0.13,-0.09,-0.06,-0.05,-0.06,-0.02,0.02,0.05,0.07,0.11,0.13,0.15,0.17,0.19
,,"High oil price","United States",26,"Consumption",
,,"High oil price","United States",27,"   Liquid Fuels","quadrillion Btu",38.46,36.62,36.96,37.39,37.40,37.65,37.59,37.62,37.73,37.72,37.67,37.63,37.70,37.71,37.75,37.79,37.84,37.88,37.93,37.96,38.04,38.13,38.27,38.43,38.56,38.72,38.90,39.11
,,"High oil price","United States",28,"   Natural Gas","quadrillion Btu",23.85,23.32,24.54,24.51,24.55,25.10,25.45,25.97,25.86,26.06,26.22,26.34,26.23,26.07,25.97,25.88,25.86,25.93,26.02,26.26,26.41,26.47,26.57,26.60,26.83,26.95,27.13,27.33
,,"High oil price","United States",29,"   Coal","quadrillion Btu",22.38,19.69,20.93,20.52,20.05,19.74,19.61,19.59,20.00,20.06,20.21,20.43,20.95,21.51,22.01,22.50,22.95,23.12,23.40,23.75,24.13,24.56,25.02,25.52,25.71,25.95,26.20,26.46
,,"High oil price","United States",30,"   Nuclear Power","quadrillion Btu",8.43,8.35,8.39,8.40,8.50,8.64,8.70,8.77,8.79,8.90,9.01,9.12,9.17,9.17,9.17,9.17,9.17,9.17,9.17,9.17,9.17,9.17,9.17,9.17,9.16,9.16,9.15,9.14
,,"High oil price","United States",31,"   Hydropower","quadrillion Btu",2.53,2.69,2.40,2.58,2.66,2.74,2.84,2.92,2.99,2.99,2.99,2.99,3.00,3.00,3.01,3.01,3.02,3.03,3.05,3.05,3.06,3.07,3.08,3.08,3.09,3.09,3.09,3.09
,,"High oil price","United States",32,"   Biomass","quadrillion Btu",3.07,2.54,2.66,2.86,2.97,3.16,3.18,3.33,3.48,3.60,3.71,3.84,4.09,4.29,4.54,4.79,5.05,5.29,5.48,5.60,5.69,5.81,5.92,6.06,6.20,6.42,6.52,6.62
,,"High oil price","United States",33,"   Other Renewable Energy","quadrillion Btu",1.12,1.29,1.54,1.72,2.08,2.10,2.11,2.14,2.17,2.19,2.22,2.27,2.32,2.36,2.37,2.43,2.50,2.61,2.68,2.76,2.85,2.92,2.97,3.03,3.09,3.13,3.18,3.22
,,"High oil price","United States",34,"   Other","quadrillion Btu",0.31,0.32,0.32,0.30,0.31,0.31,0.31,0.31,0.31,0.31,0.30,0.30,0.29,0.30,0.30,0.29,0.29,0.28,0.27,0.27,0.27,0.26,0.26,0.26,0.26,0.26,0.25,0.25
,,"High oil price","United States",35,"     Total","quadrillion Btu",100.14,94.81,97.74,98.28,98.52,99.43,99.79,100.66,101.34,101.83,102.33,102.92,103.75,104.42,105.12,105.85,106.68,107.30,108.00,108.82,109.61,110.38,111.26,112.16,112.91,113.67,114.42,115.23
,,"High oil price","United States",36,"Prices (2009 dollars per unit)",
,,"High oil price","United States",37," Low Sulfur Light Price ($ per barrel)","$ per barrel",100.51,61.66,78.03,109.34,125.61,135.08,140.68,146.10,151.15,156.03,160.63,164.98,169.08,172.96,176.52,180.10,183.16,185.87,188.16,190.66,192.72,194.56,196.07,197.47,198.60,199.29,199.75,199.95
,,"High oil price","United States",38," Imported Crude Oil Price ($ per barrel)","$ per barrel",93.44,59.04,74.86,103.99,120.24,128.22,133.73,136.84,143.76,148.35,152.74,156.77,160.60,164.21,167.46,170.75,172.29,175.09,177.62,180.31,182.31,184.01,185.03,186.33,187.34,187.84,188.17,187.79
,,"High oil price","United States",39," Gas Price at Henry Hub ($ / mmBtu)","$ / mmBtu",8.94,3.95,4.43,4.55,4.56,4.62,4.63,4.74,4.80,4.82,4.89,5.00,5.22,5.44,5.68,5.91,6.09,6.19,6.22,6.28,6.37,6.49,6.63,6.73,6.84,6.99,7.11,7.20
,,"High oil price","United States",40," Gas Wellhead Price ($ / mmBtu)","$ / mmBtu",7.96,3.62,4.00,4.03,4.04,4.09,4.10,4.20,4.25,4.27,4.33,4.43,4.63,4.82,5.03,5.23,5.39,5.48,5.51,5.56,5.64,5.74,5.87,5.96,6.06,6.19,6.29,6.37
,,"High oil price","United States",41," Gas Wellhead Price ($ / Mcf)","$ / Mcf",8.18,3.71,4.11,4.14,4.14,4.20,4.21,4.31,4.36,4.38,4.44,4.55,4.75,4.94,5.16,5.37,5.53,5.62,5.65,5.71,5.78,5.89,6.02,6.11,6.22,6.35,6.45,6.54
,,"High oil price","United States",42," Coal Minemouth Price ($ / ton)","$ / ton",31.54,33.26,36.27,35.74,34.76,34.84,33.92,33.61,33.26,33.64,33.53,33.66,34.02,34.05,34.55,34.91,35.09,35.10,34.98,35.11,35.37,35.36,35.86,36.44,36.17,36.24,36.31,36.56
,,"High oil price","United States",43," Coal Delivered Price ($ / million Btu)","$ / million Btu",2.18,2.31,2.39,2.41,2.40,2.38,2.35,2.37,2.37,2.39,2.38,2.38,2.42,2.44,2.45,2.48,2.50,2.52,2.52,2.54,2.57,2.59,2.63,2.65,2.65,2.67,2.67,2.68
,,"High oil price","United States",44," Electricity (cents per kilowatthour)","cents per kilowatthour",9.8,9.8,9.6,9.1,9.2,9.1,9.1,9.0,9.0,9.0,9.0,9.0,9.1,9.1,9.1,9.1,9.1,9.1,9.1,9.1,9.1,9.1,9.1,9.1,9.2,9.2,9.3,9.3
,,"High oil price","United States",45,"Prices (nominal dollars per unit)",
,,"High oil price","United States",46," Low Sulfur Light Price ($ per barrel)","$ per barrel",99.57,61.66,78.71,111.77,129.98,142.22,150.87,159.83,168.41,177.35,186.30,195.12,203.99,212.75,221.08,229.74,238.00,246.11,253.81,262.14,270.18,278.12,285.68,293.37,301.00,308.20,315.13,321.76
,,"High oil price","United States",47," Imported Crude Oil Price ($ per barrel)","$ per barrel",92.57,59.04,75.52,106.30,124.42,135.00,143.42,149.70,160.19,168.62,177.16,185.40,193.76,202.00,209.73,217.81,223.88,231.84,239.58,247.91,255.58,263.03,269.60,276.83,283.94,290.49,296.86,302.20
,,"High oil price","United States",48," Gas Price at Henry Hub ($ / mmBtu)","$ / mmBtu",8.86,3.95,4.47,4.65,4.72,4.86,4.97,5.19,5.35,5.48,5.67,5.92,6.30,6.69,7.11,7.54,7.91,8.19,8.39,8.64,8.93,9.27,9.66,10.00,10.37,10.82,11.21,11.58
,,"High oil price","United States",49," Gas Wellhead Price ($ / mmBtu)","$ / mmBtu",7.89,3.62,4.04,4.12,4.18,4.31,4.40,4.59,4.74,4.86,5.02,5.24,5.58,5.93,6.30,6.68,7.01,7.25,7.43,7.65,7.90,8.21,8.55,8.85,9.18,9.58,9.92,10.25
,,"High oil price","United States",50," Gas Wellhead Price ($ / Mcf)","$ / Mcf",8.10,3.71,4.14,4.23,4.29,4.42,4.52,4.71,4.86,4.98,5.15,5.38,5.73,6.08,6.46,6.85,7.19,7.44,7.62,7.85,8.11,8.42,8.77,9.08,9.42,9.82,10.18,10.52
,,"High oil price","United States",51," Coal Minemouth Price ($ / ton)","$ / ton",31.25,33.26,36.59,36.53,35.97,36.68,36.38,36.77,37.06,38.23,38.89,39.80,41.04,41.89,43.27,44.54,45.60,46.48,47.18,48.28,49.59,50.54,52.25,54.14,54.82,56.05,57.29,58.83
,,"High oil price","United States",52," Coal Delivered Price ($ / million Btu)","$ / million Btu",2.16,2.31,2.42,2.46,2.48,2.51,2.52,2.60,2.64,2.72,2.76,2.82,2.92,3.00,3.07,3.16,3.25,3.33,3.40,3.50,3.60,3.71,3.84,3.94,4.02,4.12,4.21,4.31
,,"High oil price","United States",53," Electricity (cents per kilowatthour)","cents per kilowatthour",9.7,9.8,9.7,9.3,9.6,9.6,9.7,9.9,10.0,10.2,10.5,10.7,10.9,11.2,11.4,11.6,11.8,12.1,12.3,12.5,12.8,13.0,13.2,13.6,13.9,14.3,14.7,15.0
"Table 1","Total Energy Supply, Disposition, and Price Summary","Low oil price","United States",1,"Total Energy Supply, Disposition, and Price Summary, Low oil price",
,,"Low oil price","United States",2,"(quadrillion Btu, unless otherwise noted)",
,,"Low oil price","United States",3,"Production",
,,"Low oil price","United States",4,"   Crude Oil and Lease Condensate","quadrillion Btu",10.51,11.34,11.87,11.79,11.57,11.97,12.29,12.35,12.54,12.62,12.47,12.42,12.29,12.15,12.00,11.77,11.43,11.19,10.84,10.54,10.30,9.97,9.95,9.76,9.67,9.62,9.47,9.32
,,"Low oil price","United States",5,"   Natural Gas Plant Liquids","quadrillion Btu",2.41,2.57,2.64,2.75,2.75,2.79,2.83,2.88,2.88,2.89,2.95,3.01,3.10,3.22,3.36,3.46,3.47,3.50,3.52,3.55,3.60,3.63,3.64,3.68,3.71,3.75,3.80,3.85
,,"Low oil price","United States",6,"   Dry Natural Gas","quadrillion Btu",20.83,21.50,21.93,21.48,21.70,22.20,22.55,23.05,23.03,23.02,23.31,23.48,23.72,23.88,24.04,24.18,24.19,24.24,24.28,24.44,24.68,24.87,25.22,25.53,25.81,26.13,26.50,26.91
,,"Low oil price","United States",7,"   Coal","quadrillion Btu",23.85,21.58,22.44,21.84,21.33,21.00,20.68,20.63,20.93,21.25,21.31,21.62,21.71,22.08,22.36,22.57,22.91,23.30,23.32,23.46,23.58,23.80,23.90,23.92,23.96,23.87,23.85,23.82
,,"Low oil price","United States",8,"   Nuclear Power","quadrillion Btu",8.43,8.35,8.39,8.40,8.50,8.64,8.70,8.77,8.79,8.90,8.92,9.03,9.08,9.08,9.08,9.08,9.08,9.08,9.08,9.08,9.08,9.08,9.08,9.08,9.08,9.07,9.07,9.05
,,"Low oil price","United States",9,"   Hydropower","quadrillion Btu",2.53,2.69,2.40,2.58,2.66,2.74,2.84,2.92,2.99,2.99,2.99,3.00,3.00,3.00,3.00,3.01,3.01,3.01,3.02,3.02,3.03,3.04,3.04,3.04,3.05,3.06,3.06,3.06
,,"Low oil price","United States",10,"   Biomass","quadrillion Btu",3.97,3.51,3.82,4.01,4.12,4.41,4.50,4.71,4.82,4.83,4.90,5.02,5.33,5.57,5.91,6.10,6.29,6.46,6.62,6.79,6.96,7.17,7.36,7.57,7.79,7.86,7.92,7.97
,,"Low oil price","United States",11,"   Other Renewable Energy","quadrillion Btu",1.12,1.29,1.54,1.72,2.03,2.05,2.06,2.09,2.12,2.14,2.16,2.21,2.24,2.28,2.32,2.38,2.45,2.52,2.59,2.65,2.73,2.77,2.83,2.87,2.92,2.95,2.98,3.01
,,"Low oil price","United States",12,"   Other","quadrillion Btu",0.19,0.35,0.55,0.61,0.59,0.59,0.60,0.59,0.61,0.61,0.61,0.62,0.62,0.63,0.64,0.64,0.64,0.65,0.65,0.65,0.63,0.63,0.65,0.67,0.69,0.69,0.65,0.62
,,"Low oil price","United States",13,"       Total","quadrillion Btu",73.83,73.17,75.57,75.16,75.24,76.38,77.06,77.99,78.71,79.25,79.63,80.40,81.09,81.90,82.73,83.18,83.48,83.95,83.93,84.19,84.60,84.95,85.67,86.12,86.68,87.01,87.30,87.62
,,"Low oil price","United States",14,"Imports",
,,"Low oil price","United States",15,"   Crude Oil","quadrillion Btu",21.39,19.70,20.19,19.97,20.74,20.96,20.88,20.90,20.80,20.83,21.04,21.12,21.13,21.37,21.42,21.73,22.08,22.46,22.94,23.18,23.48,23.91,24.09,24.45,24.58,24.96,25.34,25.74
,,"Low oil price","United States",16,"   Liquid Fuels","quadrillion Btu",6.32,5.40,4.56,5.22,5.41,5.54,5.50,5.58,5.71,5.87,5.88,5.93,5.96,6.01,6.03,6.02,6.05,6.09,6.13,6.22,6.23,6.28,6.28,6.40,6.43,6.60,6.70,6.77
,,"Low oil price","United States",17,"   Natural Gas","quadrillion Btu",4.08,3.82,3.90,3.89,3.97,4.16,4.21,4.21,4.25,4.32,4.30,4.28,4.24,4.06,3.88,3.75,3.66,3.60,3.58,3.56,3.50,3.41,3.32,3.29,3.26,3.21,3.14,3.04
,,"Low oil price","United States",18,"   Other Imports","quadrillion Btu",0.96,0.61,0.56,0.68,0.82,0.86,0.86,0.82,0.81,0.80,0.86,0.82,0.90,0.95,1.10,1.17,1.28,1.22,1.34,1.36,1.34,1.19,1.10,1.11,1.10,1.05,1.04,1.05
,,"Low oil price","United States",19,"       Total","quadrillion Btu",32.76,29.53,29.21,29.76,30.94,31.53,31.45,31.51,31.57,31.82,32.08,32.15,32.23,32.39,32.43,32.67,33.06,33.37,34.00,34.31,34.54,34.78,34.79,35.24,35.36,35.82,36.22,36.61
,,"Low oil price","United States",20,"Exports",
,,"Low oil price","United States",21,"   Petroleum","quadrillion Btu",3.78,4.17,4.26,3.28,3.24,3.24,3.22,3.23,3.24,3.27,3.28,3.32,3.33,3.33,3.35,3.37,3.41,3.45,3.46,3.48,3.49,3.50,3.51,3.57,3.60,3.68,3.69,3.73
,,"Low oil price","United States",22,"   Natural Gas","quadrillion Btu",1.01,1.09,1.06,1.08,1.19,1.21,1.25,1.24,1.34,1.44,1.55,1.67,1.84,1.96,2.03,2.08,2.08,2.10,2.15,2.20,2.23,2.28,2.29,2.35,2.41,2.50,2.59,2.71
,,"Low oil price","United States",23,"   Coal","quadrillion Btu",2.07,1.51,1.93,1.86,1.86,1.87,1.78,1.76,1.71,1.73,1.81,1.86,1.84,1.85,1.86,1.87,1.88,1.89,1.89,1.87,1.86,1.84,1.86,1.85,1.84,1.76,1.69,1.65
,,"Low oil price","United States",24,"       Total","quadrillion Btu",6.87,6.77,7.25,6.22,6.29,6.32,6.26,6.23,6.28,6.44,6.64,6.85,7.01,7.14,7.24,7.32,7.37,7.45,7.50,7.54,7.58,7.62,7.67,7.77,7.85,7.94,7.98,8.09
,,"Low oil price","United States",25,"Discrepancy","quadrillion Btu",-0.45,1.16,-0.19,-0.20,-0.21,-0.22,-0.27,-0.27,-0.24,-0.25,-0.23,-0.22,-0.18,-0.17,-0.16,-0.13,-0.12,-0.11,-0.10,-0.10,-0.09,-0.08,-0.06,-0.05,-0.05,-0.05,-0.06,-0.05
,,"Low oil price","United States",26,"Consumption",
,,"Low oil price","United States",27,"   Liquid Fuels","quadrillion Btu",38.46,36.62,36.96,38.47,39.20,40.03,40.37,40.72,40.99,41.21,41.32,41.44,41.50,41.86,42.10,42.30,42.42,42.67,42.95,43.09,43.27,43.54,43.82,44.23,44.48,44.95,45.31,45.61
,,"Low oil price","United States",28,"   Natural Gas","quadrillion Btu",23.85,23.31,24.57,24.15,24.38,25.08,25.49,25.99,25.92,25.88,26.03,26.06,26.09,25.95,25.86,25.83,25.74,25.70,25.69,25.77,25.92,25.96,26.22,26.44,26.62,26.80,27.01,27.21
,,"Low oil price","United States",29,"   Coal","quadrillion Btu",22.38,19.69,20.90,20.50,20.12,19.84,19.59,19.44,19.74,20.04,20.10,20.32,20.50,20.89,21.32,21.59,22.01,22.34,22.47,22.65,22.76,22.83,22.84,22.88,22.92,22.90,22.92,22.95
,,"Low oil price","United States",30,"   Nuclear Power","quadrillion Btu",8.43,8.35,8.39,8.40,8.50,8.64,8.70,8.77,8.79,8.90,8.92,9.03,9.08,9.08,9.08,9.08,9.08,9.08,9.08,9.08,9.08,9.08,9.08,9.08,9.08,9.07,9.07,9.05
,,"Low oil price","United States",31,"   Hydropower","quadrillion Btu",2.53,2.69,2.40,2.58,2.66,2.74,2.84,2.92,2.99,2.99,2.99,3.00,3.00,3.00,3.00,3.01,3.01,3.01,3.02,3.02,3.03,3.04,3.04,3.04,3.05,3.06,3.06,3.06
,,"Low oil price","United States",32,"   Biomass","quadrillion Btu",3.10,2.51,2.65,2.80,2.91,3.13,3.16,3.30,3.38,3.41,3.48,3.56,3.79,3.95,4.08,4.19,4.30,4.39,4.46,4.53,4.60,4.69,4.77,4.87,4.95,4.98,5.01,5.05
,,"Low oil price","United States",33,"   Other Renewable Energy","quadrillion Btu",1.12,1.29,1.54,1.72,2.03,2.05,2.06,2.09,2.12,2.14,2.16,2.21,2.24,2.28,2.32,2.38,2.45,2.52,2.59,2.65,2.73,2.77,2.83,2.87,2.92,2.95,2.98,3.01
,,"Low oil price","United States",34,"   Other","quadrillion Btu",0.31,0.32,0.32,0.30,0.31,0.31,0.31,0.31,0.31,0.31,0.30,0.30,0.29,0.30,0.30,0.29,0.28,0.27,0.27,0.27,0.27,0.26,0.23,0.24,0.23,0.23,0.24,0.24
,,"Low oil price","United States",35,"     Total","quadrillion Btu",100.17,94.78,97.72,98.90,100.10,101.82,102.52,103.55,104.24,104.89,105.31,105.92,106.50,107.31,108.07,108.66,109.29,109.98,110.53,111.06,111.65,112.19,112.85,113.64,114.25,114.94,115.60,116.19
,,"Low oil price","United States",36,"Prices (2009 dollars per unit)",
,,"Low oil price","United States",37," Low Sulfur Light Price ($ per barrel)","$ per barrel",100.51,61.66,78.03,60.23,56.92,56.05,55.51,55.00,54.51,54.06,53.59,53.20,52.80,52.48,52.17,51.86,51.52,51.28,51.05,50.83,50.65,50.50,50.38,50.22,50.15,50.08,50.03,50.07
,,"Low oil price","United States",38," Imported Crude Oil Price ($ per barrel)","$ per barrel",93.44,59.04,74.86,55.82,52.47,50.98,49.73,48.46,45.71,45.07,44.46,43.94,43.35,42.87,42.38,42.01,41.63,41.36,41.17,40.82,40.61,40.43,40.15,40.02,39.82,39.74,39.67,39.66
,,"Low oil price","United States",39," Gas Price at Henry Hub ($ / mmBtu)","$ / mmBtu",8.94,3.95,4.43,4.49,4.46,4.50,4.50,4.60,4.66,4.66,4.73,4.78,4.88,5.02,5.15,5.32,5.48,5.63,5.75,5.88,6.03,6.14,6.20,6.26,6.33,6.43,6.53,6.66
,,"Low oil price","United States",40," Gas Wellhead Price ($ / mmBtu)","$ / mmBtu",7.96,3.62,4.02,3.97,3.95,3.99,3.99,4.07,4.13,4.13,4.19,4.24,4.32,4.44,4.56,4.71,4.85,4.98,5.09,5.21,5.34,5.44,5.49,5.54,5.60,5.69,5.78,5.90
,,"Low oil price","United States",41," Gas Wellhead Price ($ / Mcf)","$ / Mcf",8.18,3.71,4.13,4.08,4.05,4.09,4.09,4.18,4.23,4.24,4.30,4.35,4.43,4.56,4.68,4.83,4.98,5.11,5.22,5.34,5.48,5.58,5.63,5.69,5.75,5.84,5.93,6.05
,,"Low oil price","United States",42," Coal Minemouth Price ($ / ton)","$ / ton",31.54,33.26,36.25,34.45,32.99,32.67,31.66,31.65,30.98,30.87,31.48,31.38,31.62,31.38,31.45,31.34,31.31,31.30,31.37,31.41,31.38,31.63,31.77,31.78,31.84,31.45,31.39,31.42
,,"Low oil price","United States",43," Coal Delivered Price ($ / million Btu)","$ / million Btu",2.18,2.31,2.39,2.31,2.25,2.22,2.18,2.20,2.18,2.18,2.18,2.17,2.19,2.18,2.20,2.20,2.21,2.22,2.23,2.24,2.25,2.26,2.27,2.27,2.28,2.27,2.28,2.29
,,"Low oil price","United States",44," Electricity (cents per kilowatthour)","cents per kilowatthour",9.8,9.8,9.6,9.0,9.0,8.9,8.8,8.8,8.7,8.7,8.7,8.7,8.7,8.7,8.7,8.7,8.7,8.7,8.7,8.7,8.7,8.7,8.7,8.7,8.7,8.8,8.8,8.8
,,"Low oil price","United States",45,"Prices (nominal dollars per unit)",
,,"Low oil price","United States",46," Low Sulfur Light Price ($ per barrel)","$ per barrel",99.57,61.66,78.71,61.57,58.86,58.89,59.35,59.99,60.71,61.50,62.35,63.28,64.31,65.22,66.15,67.05,67.99,68.94,69.95,71.02,72.22,73.41,74.66,75.80,77.26,78.53,79.97,81.59
,,"Low oil price","United States",47," Imported Crude Oil Price ($ per barrel)","$ per barrel",92.57,59.04,75.52,57.06,54.26,53.56,53.17,52.86,50.90,51.28,51.73,52.26,52.80,53.28,53.73,54.32,54.93,55.61,56.41,57.03,57.90,58.77,59.50,60.41,61.35,62.32,63.41,64.62
,,"Low oil price","United States",48," Gas Price at Henry Hub ($ / mmBtu)","$ / mmBtu",8.86,3.95,4.47,4.59,4.61,4.73,4.81,5.01,5.19,5.31,5.50,5.69,5.94,6.24,6.53,6.88,7.23,7.56,7.87,8.21,8.59,8.93,9.19,9.45,9.75,10.08,10.43,10.85
,,"Low oil price","United States",49," Gas Wellhead Price ($ / mmBtu)","$ / mmBtu",7.89,3.62,4.06,4.06,4.08,4.19,4.26,4.44,4.60,4.70,4.88,5.04,5.26,5.52,5.78,6.09,6.41,6.70,6.97,7.27,7.61,7.90,8.13,8.37,8.63,8.93,9.24,9.61
,,"Low oil price","United States",50," Gas Wellhead Price ($ / Mcf)","$ / Mcf",8.10,3.71,4.16,4.17,4.19,4.30,4.37,4.56,4.71,4.82,5.00,5.17,5.40,5.67,5.94,6.25,6.57,6.87,7.15,7.46,7.81,8.11,8.34,8.59,8.85,9.16,9.48,9.86
,,"Low oil price","United States",51," Coal Minemouth Price ($ / ton)","$ / ton",31.25,33.26,36.57,35.22,34.11,34.33,33.86,34.52,34.51,35.12,36.63,37.33,38.51,38.99,39.87,40.52,41.32,42.08,42.99,43.89,44.74,45.99,47.08,47.97,49.05,49.32,50.18,51.20
,,"Low oil price","United States",52," Coal Delivered Price ($ / million Btu)","$ / million Btu",2.16,2.31,2.41,2.36,2.33,2.33,2.33,2.40,2.43,2.48,2.54,2.58,2.67,2.71,2.79,2.85,2.92,2.98,3.06,3.13,3.21,3.29,3.37,3.42,3.52,3.56,3.64,3.72
,,"Low oil price","United States",53," Electricity (cents per kilowatthour)","cents per kilowatthour",9.7,9.8,9.7,9.2,9.3,9.3,9.4,9.5,9.7,9.9,10.1,10.3,10.6,10.8,11.0,11.2,11.4,11.7,11.9,12.1,12.4,12.7,12.9,13.1,13.4,13.7,14.1,14.4
